site,grid,fac,height_diff,sd_relief
NDR,1,1,0.851702213,0.046599263
NDR,1,2,0.786011577,0.045743996
NDR,1,4,0.722783715,0.044485694
NDR,1,8,0.626530968,0.042428727
NDR,1,16,0.422614364,0.037985197
NDR,1,32,0.281864862,0.032513533
NDR,2,1,0.778985023,0.11757527
NDR,2,2,0.677453399,0.117208026
NDR,2,4,0.651414722,0.116409189
NDR,2,8,0.599560499,0.114850566
NDR,2,16,0.550236102,0.111526274
NDR,2,32,0.506102398,0.106561263
NDR,4,1,1.530696392,0.260151819
NDR,4,2,1.487163901,0.259551055
NDR,4,4,1.371803552,0.25849293
NDR,4,8,1.279427625,0.256598056
NDR,4,16,1.199700119,0.253069639
NDR,4,32,1.142046585,0.245474531
NDR,5,1,1.530696392,0.260151819
NDR,5,2,1.487163901,0.259551055
NDR,5,4,1.371803552,0.25849293
NDR,5,8,1.279427625,0.256598056
NDR,5,16,1.199700119,0.253069639
NDR,5,32,1.142046585,0.245474531
NDR,6,1,1.863623142,0.437094234
NDR,6,2,1.84724617,0.435654824
NDR,6,4,1.804260343,0.433565974
NDR,6,8,1.680531129,0.43000261
NDR,6,16,1.438571233,0.423683614
NDR,6,32,1.350790367,0.413351046
NDR,7,1,0.891458988,0.157562965
NDR,7,2,0.816585302,0.156414873
NDR,7,4,0.767831951,0.154743533
NDR,7,8,0.746313639,0.152037759
NDR,7,16,0.709701603,0.148021081
NDR,7,32,0.622502067,0.139813442
NDR,8,1,1.086488247,0.145392468
NDR,8,2,0.979219079,0.144980038
NDR,8,4,0.915964454,0.144173522
NDR,8,8,0.830771558,0.142723809
NDR,8,16,0.774905611,0.139946378
NDR,8,32,0.673106585,0.134527887
NDR,9,1,1.423719883,0.269975786
NDR,9,2,1.386998057,0.269624926
NDR,9,4,1.337189645,0.269006882
NDR,9,8,1.163144819,0.267840026
NDR,9,16,1.067640441,0.265731259
NDR,9,32,1.011935121,0.261921033
NDR,10,1,1.232414246,0.220215031
NDR,10,2,1.200248957,0.219587318
NDR,10,4,1.119109869,0.218488092
NDR,10,8,1.09096659,0.216373042
NDR,10,16,1.047042515,0.212341534
NDR,10,32,0.966022811,0.203353208
NDR,11,1,1.220569134,0.290313596
NDR,11,2,1.190382481,0.289571825
NDR,11,4,1.150470674,0.288331971
NDR,11,8,1.129004568,0.286064646
NDR,11,16,1.060716327,0.28186016
NDR,11,32,0.967464194,0.273948684
NDR,12,1,2.038764477,0.370282844
NDR,12,2,1.792247653,0.369062077
NDR,12,4,1.748303562,0.367082776
NDR,12,8,1.639288954,0.363687786
NDR,12,16,1.465591302,0.358516977
NDR,12,32,1.211864424,0.34983365
NDR,13,1,0.703819275,0.086148771
NDR,13,2,0.670339108,0.085579439
NDR,13,4,0.547783732,0.084467685
NDR,13,8,0.469458431,0.082239104
NDR,13,16,0.443128457,0.07825383
NDR,13,32,0.358352921,0.070801114
NDR,14,1,1.09317255,0.163096457
NDR,14,2,1.056970477,0.162506333
NDR,14,4,1.025944203,0.161334596
NDR,14,8,1.00679969,0.159003096
NDR,14,16,0.903300699,0.154280378
NDR,14,32,0.775989578,0.144532442
NDR,15,1,1.991603374,0.392475267
NDR,15,2,1.957606196,0.391838894
NDR,15,4,1.941386729,0.390875603
NDR,15,8,1.630900383,0.389344929
NDR,15,16,1.490176221,0.387228306
NDR,15,32,1.221687472,0.38304535
NDR,16,1,1.869791508,0.333561667
NDR,16,2,1.828188896,0.332321568
NDR,16,4,1.774751723,0.330431629
NDR,16,8,1.678235203,0.327269786
NDR,16,16,1.557455128,0.321000597
NDR,16,32,1.521736188,0.30917268
NDR,17,1,1.268238544,0.152622807
NDR,17,2,1.105526924,0.151960112
NDR,17,4,1.043722838,0.150763538
NDR,17,8,0.909037516,0.148556703
NDR,17,16,0.772648195,0.144389511
NDR,17,32,0.660658872,0.135585296
NDR,18,1,1.334465981,0.209004692
NDR,18,2,1.278347969,0.208303584
NDR,18,4,1.201131284,0.207046024
NDR,18,8,1.136365213,0.204655698
NDR,18,16,1.036846353,0.199898776
NDR,18,32,0.959503657,0.191846509
NDR,19,1,0.951228142,0.137673064
NDR,19,2,0.931941211,0.137127683
NDR,19,4,0.853959918,0.135955159
NDR,19,8,0.788863029,0.133549091
NDR,19,16,0.729564472,0.128734071
NDR,19,32,0.594017201,0.119950506
NDR,20,1,2.503838778,0.240049856
NDR,20,2,1.54993552,0.239547939
NDR,20,4,1.199972421,0.238615529
NDR,20,8,1.112693578,0.236883629
NDR,20,16,1.05773507,0.233810608
NDR,20,32,1.020268361,0.227722527
NDR,25,1,0.775607824,0.133376986
NDR,25,2,0.75745672,0.132790404
NDR,25,4,0.677207336,0.131631784
NDR,25,8,0.637393832,0.129536166
NDR,25,16,0.580071041,0.12475404
NDR,25,32,0.472552276,0.115676358
NDR,26,1,1.205474377,0.219585165
NDR,26,2,1.157166719,0.21904442
NDR,26,4,1.0817606,0.217997261
NDR,26,8,1.053864013,0.215894647
NDR,26,16,1.011534903,0.211354646
NDR,26,32,0.959650506,0.202726333
NDR,27,1,1.309370041,0.206901416
NDR,27,2,1.304602563,0.206336883
NDR,27,4,1.294908568,0.205204898
NDR,27,8,1.264876347,0.202619324
NDR,27,16,1.145412453,0.197167652
NDR,27,32,1.030903783,0.184827333
NDR,28,1,1.170755386,0.182747474
NDR,28,2,1.159345686,0.18208872
NDR,28,4,1.128678843,0.180757066
NDR,28,8,1.063797418,0.178202942
NDR,28,16,0.998069246,0.172902067
NDR,28,32,0.870740489,0.161415771
NDR,29,1,1.066717863,0.175913008
NDR,29,2,1.052099943,0.175082979
NDR,29,4,1.016763687,0.173606432
NDR,29,8,0.97973818,0.171121017
NDR,29,16,0.93250583,0.166338437
NDR,29,32,0.86465371,0.157377805
NDR,30,1,1.4529109,0.212045292
NDR,30,2,1.383530617,0.211437345
NDR,30,4,1.315434143,0.210289469
NDR,30,8,1.198257551,0.208118576
NDR,30,16,1.159067121,0.203879049
NDR,30,32,0.996974323,0.195317557
NDR,31,1,1.025306463,0.138700398
NDR,31,2,0.934972882,0.137990986
NDR,31,4,0.882981956,0.136523154
NDR,31,8,0.740893327,0.133611824
NDR,31,16,0.689887184,0.127958691
NDR,31,32,0.585375895,0.114980998
NDR,32,1,0.961656332,0.202457381
NDR,32,2,0.913611293,0.202079454
NDR,32,4,0.89256233,0.201272448
NDR,32,8,0.883840416,0.199634905
NDR,32,16,0.847774844,0.195607649
NDR,32,32,0.772545927,0.188948096
NDR,33,1,1.027527332,0.13599573
NDR,33,2,0.975505352,0.135519878
NDR,33,4,0.878768101,0.134398175
NDR,33,8,0.809818,0.132001632
NDR,33,16,0.747034212,0.12722405
NDR,33,32,0.646895254,0.119730891
NDR,34,1,1.575377226,0.293311146
NDR,34,2,1.563953042,0.292527815
NDR,34,4,1.517003596,0.291082623
NDR,34,8,1.437485769,0.288292924
NDR,34,16,1.35396119,0.282392273
NDR,34,32,1.296404804,0.272655604
NDR,35,1,1.689258099,0.314596524
NDR,35,2,1.644597173,0.313741686
NDR,35,4,1.575280622,0.312199
NDR,35,8,1.382463671,0.309663702
NDR,35,16,1.30354928,0.305126899
NDR,35,32,1.182393281,0.296414162
NDR,36,1,1.502959728,0.365392925
NDR,36,2,1.448403656,0.365014467
NDR,36,4,1.391927585,0.364345063
NDR,36,8,1.334729392,0.363206951
NDR,36,16,1.244950297,0.361263931
NDR,36,32,1.196938474,0.357618931
NDR,49,1,1.129013062,0.21284643
NDR,49,2,1.125398755,0.212156493
NDR,49,4,1.103447229,0.211055752
NDR,49,8,1.042129986,0.209046113
NDR,49,16,1.021635991,0.205221036
NDR,49,32,0.939316254,0.198121596
NDR,50,1,2.182846546,0.384484366
NDR,50,2,2.126521707,0.383629181
NDR,50,4,2.001885235,0.38234968
NDR,50,8,1.960071154,0.380206829
NDR,50,16,1.875436986,0.376362976
NDR,50,32,1.695981527,0.368425313
NDR,51,1,2.218167305,0.443906919
NDR,51,2,2.18666625,0.441742682
NDR,51,4,2.155991703,0.438560193
NDR,51,8,2.118031666,0.434189625
NDR,51,16,1.987720376,0.425159173
NDR,51,32,1.868870949,0.409627578
NDR,52,1,1.142266273,0.213607137
NDR,52,2,1.139361382,0.213273609
NDR,52,4,1.125391215,0.212659082
NDR,52,8,1.097944319,0.211360683
NDR,52,16,1.064285392,0.208406298
NDR,52,32,0.999696523,0.201786951
NDR,53,1,1.525898933,0.236150835
NDR,53,2,1.465737581,0.235379559
NDR,53,4,1.430547237,0.234052789
NDR,53,8,1.333162189,0.231508674
NDR,53,16,1.283919862,0.226576056
NDR,53,32,1.181518117,0.215024345
NDR,54,1,1.821808338,0.390065429
NDR,54,2,1.781184793,0.389336022
NDR,54,4,1.740064323,0.388116427
NDR,54,8,1.682591975,0.385943546
NDR,54,16,1.626565244,0.381925523
NDR,54,32,1.583719546,0.37290818
NDR,55,1,1.329712868,0.192616209
NDR,55,2,1.324941397,0.191879946
NDR,55,4,1.274227381,0.190544422
NDR,55,8,1.093596987,0.18767857
NDR,55,16,0.966855871,0.182599218
NDR,55,32,0.922166291,0.173136057
NDR,56,1,2.451810837,0.35219342
NDR,56,2,2.438346028,0.349580566
NDR,56,4,2.378989503,0.345457351
NDR,56,8,2.310613222,0.339650854
NDR,56,16,2.2407204,0.327393905
NDR,56,32,1.798750816,0.301395135
NDR,57,1,1.694684029,0.375014849
NDR,57,2,1.688700557,0.374379562
NDR,57,4,1.679867536,0.373174503
NDR,57,8,1.656051271,0.37104823
NDR,57,16,1.626163198,0.366032256
NDR,57,32,1.554664581,0.357790034
NDR,58,1,1.010212898,0.186238342
NDR,58,2,0.986629844,0.184810759
NDR,58,4,0.943314463,0.18259118
NDR,58,8,0.894866087,0.179309722
NDR,58,16,0.868254334,0.173349034
NDR,58,32,0.728672433,0.16173595
NDR,59,1,2.620606661,0.375053302
NDR,59,2,2.558642983,0.374257078
NDR,59,4,2.5420966,0.372776551
NDR,59,8,2.490133196,0.370441619
NDR,59,16,2.307510148,0.365749356
NDR,59,32,2.094129846,0.35773273
NDR,60,1,2.811196804,0.733283449
NDR,60,2,2.779379904,0.732262942
NDR,60,4,2.759628102,0.730737929
NDR,60,8,2.705696918,0.728512738
NDR,60,16,2.518476742,0.724253563
NDR,60,32,2.371198816,0.717694617
NDR,61,1,2.104944229,0.498454574
NDR,61,2,2.095982075,0.498077947
NDR,61,4,2.090451896,0.497415619
NDR,61,8,2.036839329,0.495856289
NDR,61,16,1.973575942,0.493190231
NDR,61,32,1.933817156,0.489302184
NDR,62,1,3.10831213,0.279403632
NDR,62,2,2.611728847,0.277394888
NDR,62,4,2.121453658,0.274572141
NDR,62,8,1.611612782,0.270805955
NDR,62,16,1.541021295,0.264187764
NDR,62,32,1.368875784,0.251136152
NDR,63,1,2.803569555,0.881474926
NDR,63,2,2.795858145,0.876335569
NDR,63,4,2.763230935,0.869076356
NDR,63,8,2.728562642,0.857856554
NDR,63,16,2.637713663,0.840841106
NDR,63,32,2.420855435,0.811526723
NDR,64,1,2.465875149,0.514885126
NDR,64,2,2.444254816,0.513138291
NDR,64,4,2.397411525,0.510479249
NDR,64,8,2.354997475,0.506271399
NDR,64,16,2.221434645,0.498079052
NDR,64,32,2.060320704,0.486574787
NDR,65,1,2.425586939,0.649103674
NDR,65,2,2.421889544,0.648191707
NDR,65,4,2.40967758,0.646724077
NDR,65,8,2.377896279,0.64426798
NDR,65,16,2.3143161,0.639203629
NDR,65,32,2.177870795,0.62943244
NDR,66,1,2.021393299,0.282412602
NDR,66,2,1.96628058,0.281589204
NDR,66,4,1.950423211,0.280379674
NDR,66,8,1.875151157,0.2781645
NDR,66,16,1.675742351,0.273072085
NDR,66,32,1.554237276,0.263590863
NDR,67,1,1.578081131,0.174348329
NDR,67,2,1.569168687,0.174183261
NDR,67,4,1.490990281,0.17379794
NDR,67,8,1.430228136,0.172862045
NDR,67,16,1.387429483,0.170304719
NDR,67,32,1.201561514,0.163667526
NDR,68,1,2.693297148,0.488260502
NDR,68,2,2.51998347,0.487776614
NDR,68,4,2.51424554,0.487020497
NDR,68,8,2.341398209,0.485534409
NDR,68,16,2.067047214,0.482453976
NDR,68,32,1.90999289,0.478362491
NDR,69,1,2.302850962,0.595241645
NDR,69,2,2.243484497,0.594338056
NDR,69,4,2.207319051,0.592918498
NDR,69,8,2.148105405,0.590563812
NDR,69,16,2.067521373,0.586457936
NDR,69,32,1.993869481,0.57907398
NDR,70,1,2.055705547,0.47017163
NDR,70,2,2.046898544,0.469511766
NDR,70,4,2.033742681,0.468405212
NDR,70,8,1.975561526,0.466278304
NDR,70,16,1.914581816,0.462534325
NDR,70,32,1.578607104,0.455536865
NDR,71,1,2.69625783,0.525767837
NDR,71,2,2.685037851,0.524991255
NDR,71,4,2.663061321,0.523711898
NDR,71,8,2.497365803,0.521395405
NDR,71,16,2.315920465,0.517126568
NDR,71,32,2.169694078,0.51014003
NDR,72,1,1.425897121,0.198780303
NDR,72,2,1.419270039,0.19851203
NDR,72,4,1.403279066,0.197983312
NDR,72,8,1.367736243,0.196804826
NDR,72,16,1.129018782,0.193834923
NDR,72,32,0.929561462,0.188592613
NDR,73,1,2.42437768,0.480266329
NDR,73,2,2.370823622,0.47951104
NDR,73,4,2.274997696,0.478229972
NDR,73,8,2.190409241,0.476118609
NDR,73,16,2.086491143,0.472956499
NDR,73,32,2.035257941,0.464012824
NDR,74,1,2.294047356,0.306957458
NDR,74,2,2.197349608,0.306309399
NDR,74,4,2.109751433,0.305165019
NDR,74,8,2.084304806,0.303009614
NDR,74,16,2.061552688,0.299194207
NDR,74,32,2.004511754,0.292431126
NDR,75,1,0.660002232,0.109137488
NDR,75,2,0.641453981,0.108906669
NDR,75,4,0.631616533,0.108438699
NDR,75,8,0.611925539,0.107279144
NDR,75,16,0.584893962,0.104907343
NDR,75,32,0.502107374,0.09991653
NDR,76,1,2.266902447,0.39316137
NDR,76,2,2.093691528,0.392591606
NDR,76,4,1.905804858,0.391682843
NDR,76,8,1.781410046,0.390101581
NDR,76,16,1.686275087,0.387218881
NDR,76,32,1.611657097,0.381306112
NDR,77,1,2.41231215,0.424464632
NDR,77,2,2.3859469,0.423735998
NDR,77,4,2.337008327,0.422538266
NDR,77,8,2.288968153,0.420675607
NDR,77,16,2.193082022,0.417030295
NDR,77,32,1.937722349,0.410497058
NDR,78,1,2.458858252,0.532709287
NDR,78,2,2.440543652,0.532325539
NDR,78,4,2.336326748,0.531675764
NDR,78,8,2.217620481,0.530418358
NDR,78,16,2.16834571,0.528138364
NDR,78,32,2.071351851,0.523788838
NDR,79,1,1.6913867,0.22173111
NDR,79,2,1.592587769,0.220629079
NDR,79,4,1.580997035,0.218853999
NDR,79,8,1.300390456,0.216085986
NDR,79,16,1.203221529,0.211877723
NDR,79,32,1.091975806,0.2043819
NDR,80,1,1.310878754,0.2340414
NDR,80,2,1.308430731,0.23346911
NDR,80,4,1.291773096,0.232578532
NDR,80,8,1.265329693,0.230939039
NDR,80,16,1.167135729,0.227953552
NDR,80,32,1.079296637,0.220992554
NDR,81,1,1.247658014,0.175958299
NDR,81,2,1.188869059,0.174721269
NDR,81,4,1.002109542,0.172720456
NDR,81,8,0.907995638,0.169535218
NDR,81,16,0.832567376,0.163276678
NDR,81,32,0.710807996,0.151449927
NDR,82,1,0.928156614,0.134265501
NDR,82,2,0.858864486,0.133590467
NDR,82,4,0.839003801,0.132443132
NDR,82,8,0.757054549,0.13044002
NDR,82,16,0.645290165,0.126554882
NDR,82,32,0.530412555,0.12089744
NDR,83,1,2.615526676,0.651165822
NDR,83,2,2.456825584,0.650253755
NDR,83,4,2.425341606,0.648937152
NDR,83,8,2.363512965,0.646745294
NDR,83,16,2.291014833,0.642724017
NDR,83,32,2.09610909,0.636720535
NDR,84,1,3.64383927,0.735634226
NDR,84,2,3.313153759,0.734839193
NDR,84,4,3.241405517,0.733550996
NDR,84,8,3.026634667,0.731347588
NDR,84,16,2.954588024,0.727356203
NDR,84,32,2.85430897,0.720414427
NDR,85,1,3.223442793,0.961091182
NDR,85,2,3.163783401,0.956992712
NDR,85,4,3.106770836,0.951438504
NDR,85,8,3.050842175,0.943834888
NDR,85,16,2.931519385,0.933387677
NDR,85,32,2.815152529,0.916389578
NDR,86,1,2.847736478,0.631759313
NDR,86,2,2.796521112,0.628869008
NDR,86,4,2.774896968,0.62487442
NDR,86,8,2.584846683,0.61923668
NDR,86,16,2.502689928,0.611334915
NDR,86,32,2.418599087,0.600189027
NDR,87,1,1.113051176,0.166448703
NDR,87,2,1.003687799,0.165798582
NDR,87,4,0.888711303,0.164682027
NDR,87,8,0.835130468,0.16273974
NDR,87,16,0.739110144,0.158880031
NDR,87,32,0.601003539,0.152502266
NDR,88,1,1.358634233,0.203621942
NDR,88,2,1.246537447,0.202500703
NDR,88,4,1.231717676,0.200735977
NDR,88,8,1.202585168,0.197726108
NDR,88,16,1.163640305,0.191950071
NDR,88,32,1.097934709,0.180166604
NDR,89,1,1.069641829,0.104128831
NDR,89,2,1.053400278,0.103208775
NDR,89,4,0.938697875,0.101586195
NDR,89,8,0.685022283,0.098783237
NDR,89,16,0.48787267,0.094158124
NDR,89,32,0.417897937,0.08701593
NDR,90,1,3.295261145,0.993454968
NDR,90,2,3.289918184,0.992995733
NDR,90,4,3.256840087,0.992227233
NDR,90,8,3.155337735,0.990865635
NDR,90,16,2.927943369,0.988452623
NDR,90,32,2.712751575,0.984443585
NDR,91,1,3.132004976,0.762189545
NDR,91,2,2.963874429,0.76094611
NDR,91,4,2.875723481,0.759193538
NDR,91,8,2.80212646,0.756510846
NDR,91,16,2.705348284,0.752843512
NDR,91,32,2.607601814,0.745615301
NDR,92,1,2.733155966,0.629268724
NDR,92,2,2.712297648,0.627822805
NDR,92,4,2.655407086,0.625559742
NDR,92,8,2.620115396,0.622361648
NDR,92,16,2.509896316,0.617071199
NDR,92,32,2.327131476,0.608372336
NDR,93,1,3.114120007,0.570596515
NDR,93,2,2.900472909,0.569514477
NDR,93,4,2.855633102,0.567989396
NDR,93,8,2.820028963,0.565614944
NDR,93,16,2.793887513,0.561625753
NDR,93,32,2.746422745,0.553714686
NDR,94,1,1.071624041,0.147702198
NDR,94,2,1.040334761,0.146142076
NDR,94,4,0.921662077,0.143727203
NDR,94,8,0.819981672,0.139823137
NDR,94,16,0.730342053,0.13283923
NDR,94,32,0.625406566,0.122987004
NDR,95,1,0.809474707,0.125866017
NDR,95,2,0.780326307,0.125033964
NDR,95,4,0.714570239,0.123619003
NDR,95,8,0.703920215,0.121102962
NDR,95,16,0.637161616,0.116854044
NDR,95,32,0.548549111,0.109725586
NDR,96,1,1.038385868,0.140028831
NDR,96,2,0.972721636,0.138795616
NDR,96,4,0.899173453,0.13689486
NDR,96,8,0.785070185,0.133681752
NDR,96,16,0.709872474,0.128320242
NDR,96,32,0.57621296,0.119533909
CR,1,1,2.110561371,0.3495842
CR,1,2,2.099148512,0.349297859
CR,1,4,2.072706401,0.348754187
CR,1,8,2.049227424,0.347669784
CR,1,16,2.0159958,0.345654867
CR,1,32,1.86937565,0.341865987
CR,2,1,1.006903648,0.228973319
CR,2,2,0.985446334,0.228729536
CR,2,4,0.961209714,0.22826919
CR,2,8,0.931320235,0.227349554
CR,2,16,0.902401488,0.225797549
CR,2,32,0.852850444,0.223213271
CR,3,1,1.749868393,0.290566863
CR,3,2,1.676826239,0.29006031
CR,3,4,1.644582957,0.289139239
CR,3,8,1.607759707,0.287578316
CR,3,16,1.497436,0.284386917
CR,3,32,1.340040892,0.278837053
CR,4,1,2.547242641,0.41923764
CR,4,2,2.517858148,0.418989449
CR,4,4,2.493810266,0.418544612
CR,4,8,2.445494696,0.417651629
CR,4,16,2.367372461,0.416087883
CR,4,32,2.19100428,0.412981945
CR,5,1,1.72933197,0.364581798
CR,5,2,1.636130571,0.363874126
CR,5,4,1.523658097,0.362643662
CR,5,8,1.469600454,0.360690356
CR,5,16,1.405955538,0.356970515
CR,5,32,1.353454491,0.34981299
CR,6,1,2.018838882,0.445319312
CR,6,2,1.941995621,0.445047203
CR,6,4,1.897682786,0.444499078
CR,6,8,1.82351163,0.44340182
CR,6,16,1.74768699,0.440903535
CR,6,32,1.664818081,0.436550279
CR,7,1,1.658190727,0.448933415
CR,7,2,1.613046646,0.448551762
CR,7,4,1.583812416,0.447876666
CR,7,8,1.508804828,0.446653506
CR,7,16,1.470239185,0.444231399
CR,7,32,1.394328766,0.440221798
CR,8,1,1.467518806,0.307335135
CR,8,2,1.437316656,0.306883694
CR,8,4,1.381332219,0.305993838
CR,8,8,1.334962606,0.304388741
CR,8,16,1.290795077,0.301067495
CR,8,32,1.228458214,0.294296869
CR,9,1,2.183596611,0.408468208
CR,9,2,2.097720385,0.408107191
CR,9,4,1.986417949,0.40747146
CR,9,8,1.91939564,0.406272249
CR,9,16,1.855956707,0.404157276
CR,9,32,1.800896738,0.399767296
CR,10,1,1.842902184,0.426091609
CR,10,2,1.837246895,0.425556408
CR,10,4,1.811127245,0.424638112
CR,10,8,1.773745283,0.423050585
CR,10,16,1.72937211,0.420325123
CR,10,32,1.661911612,0.415105889
CR,11,1,1.708381653,0.305947258
CR,11,2,1.670940638,0.305268549
CR,11,4,1.614112914,0.304072949
CR,11,8,1.560024112,0.301753034
CR,11,16,1.432900328,0.298091292
CR,11,32,1.340373046,0.289659306
CR,12,1,2.352329731,0.533055563
CR,12,2,2.311744809,0.532459699
CR,12,4,2.194181055,0.531445848
CR,12,8,2.056876838,0.529850256
CR,12,16,1.935584705,0.527292671
CR,12,32,1.855772435,0.521942926
CR,13,1,1.682790279,0.345163619
CR,13,2,1.655942559,0.344574105
CR,13,4,1.588812172,0.343545363
CR,13,8,1.545189433,0.341799382
CR,13,16,1.470695574,0.338586789
CR,13,32,1.371437235,0.333618321
CR,15,1,3.270487785,0.743668064
CR,15,2,3.139881611,0.743205031
CR,15,4,3.069180906,0.742511864
CR,15,8,2.96852456,0.741385516
CR,15,16,2.90252053,0.739463239
CR,15,32,2.831362719,0.736118367
CR,16,1,1.760848999,0.226841016
CR,16,2,1.688850641,0.226405304
CR,16,4,1.59991014,0.225464406
CR,16,8,1.558577448,0.223518359
CR,16,16,1.452447817,0.219560825
CR,16,32,1.273900447,0.212421507
CR,17,1,2.516582489,0.385749242
CR,17,2,2.480792046,0.385085128
CR,17,4,2.445891976,0.383913477
CR,17,8,2.397483319,0.381886515
CR,17,16,2.290706001,0.377811499
CR,17,32,1.764415106,0.369292195
CR,18,1,2.423336029,0.507197446
CR,18,2,2.418026924,0.506781636
CR,18,4,2.402245522,0.50599937
CR,18,8,2.348309934,0.504570773
CR,18,16,2.248133905,0.502053322
CR,18,32,2.182850632,0.497131456
CR,19,1,2.717886925,0.450826685
CR,19,2,2.680162907,0.450382724
CR,19,4,2.588999689,0.449633039
CR,19,8,2.512527615,0.448349632
CR,19,16,2.445436973,0.446151231
CR,19,32,2.331168031,0.44185743
CR,20,1,3.04733181,0.63922395
CR,20,2,2.822122335,0.638604771
CR,20,4,2.752367616,0.637660775
CR,20,8,2.608549953,0.636109933
CR,20,16,2.399578113,0.633562106
CR,20,32,2.260553618,0.629889336
CR,21,1,2.498052597,0.636527618
CR,21,2,2.404070616,0.635743129
CR,21,4,2.34652552,0.634509538
CR,21,8,2.316624783,0.632264723
CR,21,16,2.213865923,0.628650084
CR,21,32,2.169753506,0.622927592
CR,22,1,1.620936394,0.256417481
CR,22,2,1.587860346,0.255971795
CR,22,4,1.520365477,0.255128577
CR,22,8,1.483369067,0.253453353
CR,22,16,1.381131608,0.250748517
CR,22,32,1.140908992,0.245342376
CR,23,1,1.812607765,0.31242271
CR,23,2,1.787065744,0.311868015
CR,23,4,1.746003866,0.310948602
CR,23,8,1.61918661,0.309591444
CR,23,16,1.439730931,0.307066997
CR,23,32,1.340261625,0.303416181
CR,24,1,1.495941162,0.252220199
CR,24,2,1.488414764,0.251403874
CR,24,4,1.46057874,0.250150035
CR,24,8,1.239340976,0.248024652
CR,24,16,1.126690548,0.245037978
CR,24,32,1.027857529,0.239862092
CR,25,1,2.938838005,0.643220879
CR,25,2,2.866303921,0.642742039
CR,25,4,2.816993475,0.641937586
CR,25,8,2.680467412,0.64057251
CR,25,16,2.619837992,0.638248902
CR,25,32,2.597456866,0.633425587
CR,26,1,2.671134949,0.493479407
CR,26,2,2.661934853,0.493026554
CR,26,4,2.6390903,0.492287951
CR,26,8,2.565751925,0.490974551
CR,26,16,2.380561639,0.488832401
CR,26,32,2.232314186,0.485208681
CR,27,1,1.756376266,0.261500285
CR,27,2,1.655225992,0.260787309
CR,27,4,1.535491586,0.259577483
CR,27,8,1.526289389,0.25751571
CR,27,16,1.456371885,0.253914837
CR,27,32,1.28844614,0.247609267
CR,28,1,2.17815876,0.481449791
CR,28,2,2.165851831,0.480966547
CR,28,4,2.093897641,0.480155083
CR,28,8,2.059263468,0.478847106
CR,28,16,1.970342886,0.476402425
CR,28,32,1.879953836,0.472858685
CR,29,1,2.647110939,0.592912095
CR,29,2,2.62083602,0.592332505
CR,29,4,2.583989203,0.59141396
CR,29,8,2.507747531,0.589745232
CR,29,16,2.327524476,0.586461471
CR,29,32,2.199119371,0.581849518
CR,30,1,1.827741623,0.467943997
CR,30,2,1.782153845,0.467182794
CR,30,4,1.702178061,0.465976314
CR,30,8,1.653982371,0.46367726
CR,30,16,1.591979984,0.459769692
CR,30,32,1.511312452,0.453002027
CR,31,1,1.904438019,0.385933418
CR,31,2,1.810899019,0.3854458
CR,31,4,1.614454985,0.384537769
CR,31,8,1.577302136,0.382884066
CR,31,16,1.540014958,0.379995921
CR,31,32,1.441275912,0.373470944
CR,32,1,2.966527939,0.57567799
CR,32,2,2.96207881,0.574890171
CR,32,4,2.929866254,0.573725901
CR,32,8,2.777611285,0.571577747
CR,32,16,2.710617047,0.568191766
CR,32,32,2.591037995,0.560991163
CR,33,1,1.54580307,0.200667736
CR,33,2,1.456195593,0.200076783
CR,33,4,1.344698131,0.19906723
CR,33,8,1.236027688,0.197247396
CR,33,16,1.190859023,0.194206295
CR,33,32,1.090318146,0.188808424
CR,34,1,1.442287445,0.221842848
CR,34,2,1.353814363,0.221178169
CR,34,4,1.268313408,0.220199742
CR,34,8,1.203006297,0.218479545
CR,34,16,1.090780385,0.21587048
CR,34,32,1.023102309,0.212046217
CR,35,1,2.157050133,0.480194423
CR,35,2,2.109943151,0.479670387
CR,35,4,2.038237512,0.478805212
CR,35,8,1.961317152,0.477256459
CR,35,16,1.838995941,0.474453655
CR,35,32,1.760404775,0.468991202
CR,36,1,1.787150383,0.289019557
CR,36,2,1.773676157,0.288464951
CR,36,4,1.749987364,0.28757525
CR,36,8,1.692533717,0.285666372
CR,36,16,1.635852218,0.282289523
CR,36,32,1.537413154,0.277022746
CR,37,1,3.097588062,0.72942039
CR,37,2,3.040484548,0.728664927
CR,37,4,2.99252972,0.727579452
CR,37,8,2.944971196,0.725659317
CR,37,16,2.74641674,0.722372714
CR,37,32,2.608850049,0.714439443
CR,38,1,1.135232925,0.181359959
CR,38,2,1.000081658,0.181097401
CR,38,4,0.91989848,0.180675627
CR,38,8,0.838031694,0.179842542
CR,38,16,0.823444834,0.17805237
CR,38,32,0.790777805,0.17346974
CR,39,1,0.82601738,0.198640214
CR,39,2,0.806228399,0.198568171
CR,39,4,0.785720706,0.198441904
CR,39,8,0.758014008,0.198168319
CR,39,16,0.725953162,0.197596392
CR,39,32,0.645610302,0.196483843
CR,40,1,2.870377541,0.698277914
CR,40,2,2.818691492,0.697519709
CR,40,4,2.7123079,0.696424703
CR,40,8,2.627174266,0.69467511
CR,40,16,2.491310531,0.69171738
CR,40,32,2.328152996,0.687516199
CR,41,1,2.558746815,0.653472091
CR,41,2,2.534835696,0.652758584
CR,41,4,2.460053533,0.651726129
CR,41,8,2.33812242,0.650108784
CR,41,16,2.285378743,0.647280521
CR,41,32,2.187095018,0.642299305
CR,42,1,3.182602882,0.917769095
CR,42,2,3.148927331,0.915139055
CR,42,4,3.11028564,0.911136428
CR,42,8,3.05472219,0.90534224
CR,42,16,2.841620678,0.895105326
CR,42,32,2.67937682,0.881701706
CR,43,1,1.375114441,0.199518331
CR,43,2,1.350367546,0.198101359
CR,43,4,1.324246705,0.195723498
CR,43,8,1.259333044,0.191645338
CR,43,16,1.021015011,0.184182049
CR,43,32,0.777292144,0.167632672
CR,44,1,1.126806259,0.134571535
CR,44,2,1.05907321,0.133031697
CR,44,4,1.002883971,0.130242919
CR,44,8,0.97071743,0.125097284
CR,44,16,0.832787838,0.114614114
CR,44,32,0.606429727,0.097750195
CR,45,1,0.848882675,0.149400156
CR,45,2,0.80478549,0.148573341
CR,45,4,0.778155923,0.146974594
CR,45,8,0.758292541,0.144273928
CR,45,16,0.674016587,0.13915166
CR,45,32,0.540162878,0.13085259
CR,46,1,1.670002937,0.380410352
CR,46,2,1.598191261,0.378656945
CR,46,4,1.499787331,0.375712752
CR,46,8,1.407786056,0.369508235
CR,46,16,1.365746412,0.360380265
CR,46,32,1.253042709,0.341312719
CR,47,1,1.436548233,0.249218804
CR,47,2,1.294703007,0.246636953
CR,47,4,1.275384426,0.242860235
CR,47,8,1.238234997,0.237008013
CR,47,16,1.166934278,0.225677318
CR,47,32,1.062095305,0.211932731
CR,48,1,2.660960197,0.565070751
CR,48,2,2.602027297,0.564122027
CR,48,4,2.379238963,0.562783074
CR,48,8,2.298931599,0.56081457
CR,48,16,2.16679462,0.558051649
CR,48,32,2.077446586,0.555318232
CR,49,1,2.182385921,0.514663457
CR,49,2,2.107748508,0.514007367
CR,49,4,2.015555382,0.513009279
CR,49,8,1.904131621,0.511436225
CR,49,16,1.81197286,0.509081713
CR,49,32,1.755219417,0.505040295
CR,50,1,2.471953392,0.428117789
CR,50,2,2.415973067,0.423842442
CR,50,4,2.288813472,0.418047651
CR,50,8,2.090601258,0.408095075
CR,50,16,1.842225006,0.396636962
CR,50,32,1.668509745,0.377369851
CR,51,1,2.172542572,0.376598055
CR,51,2,2.156702161,0.375597246
CR,51,4,2.127368361,0.373920338
CR,51,8,2.0608344,0.370802243
CR,51,16,1.937347213,0.365394092
CR,51,32,1.678688929,0.35707039
CR,52,1,2.62977457,0.503018168
CR,52,2,2.250604391,0.502369173
CR,52,4,2.212177962,0.501360579
CR,52,8,2.067983627,0.499881898
CR,52,16,1.975825492,0.496904683
CR,52,32,1.873296995,0.490886294
CR,53,1,2.094903469,0.382395066
CR,53,2,2.063558459,0.380792582
CR,53,4,1.9924362,0.378445955
CR,53,8,1.95069588,0.374791803
CR,53,16,1.907674951,0.367997872
CR,53,32,1.740509369,0.35648831
CR,54,1,1.13276577,0.17560853
CR,54,2,1.096854448,0.174964185
CR,54,4,0.999387443,0.174051274
CR,54,8,0.922039837,0.172583333
CR,54,16,0.777810581,0.169875535
CR,54,32,0.658036321,0.165516655
CR,55,1,1.299198151,0.247508173
CR,55,2,1.24164176,0.246919178
CR,55,4,1.203828335,0.245814064
CR,55,8,1.148466468,0.243865194
CR,55,16,0.971151132,0.240529334
CR,55,32,0.831630258,0.234105791
CR,56,1,2.00136137,0.532846128
CR,56,2,1.93245852,0.532216544
CR,56,4,1.9087798,0.531271018
CR,56,8,1.876842506,0.529737536
CR,56,16,1.819619715,0.527286486
CR,56,32,1.726614962,0.522403177
CR,57,1,1.521069527,0.155248002
CR,57,2,1.231450796,0.153629436
CR,57,4,1.181311965,0.151187713
CR,57,8,1.131678551,0.147602353
CR,57,16,0.750092849,0.141569943
CR,57,32,0.639714858,0.135286663
CR,58,1,1.847738266,0.247323413
CR,58,2,1.816924334,0.246538661
CR,58,4,1.725113809,0.245371057
CR,58,8,1.538180873,0.24329259
CR,58,16,1.44910166,0.239230651
CR,58,32,1.185208209,0.232236538
CR,59,1,2.494835377,0.493164827
CR,59,2,2.426317692,0.491785839
CR,59,4,2.354388833,0.489763087
CR,59,8,2.231253065,0.486875681
CR,59,16,2.115484778,0.482236557
CR,59,32,1.935603884,0.473948269
CR,60,1,2.90631485,0.631317215
CR,60,2,2.871721029,0.623087799
CR,60,4,2.766732514,0.612613588
CR,60,8,2.659575015,0.599551096
CR,60,16,2.578402409,0.581211665
CR,60,32,1.923484046,0.545604355
CR,61,1,1.661762238,0.406748655
CR,61,2,1.64952755,0.405772983
CR,61,4,1.583218038,0.404273535
CR,61,8,1.540369809,0.401249542
CR,61,16,1.492561672,0.395368145
CR,61,32,1.44411091,0.383157147
CR,62,1,3.214319706,0.812032412
CR,62,2,3.206955552,0.811294748
CR,62,4,3.176949918,0.810167373
CR,62,8,3.150197618,0.808391541
CR,62,16,3.123969942,0.805309752
CR,62,32,2.830410474,0.798128633
CR,63,1,1.665932655,0.271417424
CR,63,2,1.600728989,0.270062463
CR,63,4,1.486496031,0.268279982
CR,63,8,1.409496829,0.26556431
CR,63,16,1.314314205,0.260676625
CR,63,32,1.188959289,0.252036239
CR,64,1,1.727958679,0.23923891
CR,64,2,1.6661973,0.238887034
CR,64,4,1.526722848,0.238274886
CR,64,8,1.435529605,0.236998684
CR,64,16,1.403975684,0.234137386
CR,64,32,1.315717237,0.2286005
CR,65,1,1.678114891,0.347359769
CR,65,2,1.627592564,0.346870885
CR,65,4,1.58726269,0.346056908
CR,65,8,1.551543936,0.344546675
CR,65,16,1.495326173,0.341502359
CR,65,32,1.323507159,0.335724197
CR,66,1,1.399516106,0.250402314
CR,66,2,1.380464554,0.250313488
CR,66,4,1.325228512,0.250029048
CR,66,8,1.279683188,0.249188186
CR,66,16,1.239764605,0.246695804
CR,66,32,1.161359269,0.241121002
CR,67,1,2.154946327,0.619304259
CR,67,2,2.140855074,0.618492908
CR,67,4,2.107101023,0.616625555
CR,67,8,2.070048034,0.612219733
CR,67,16,2.002382908,0.602873662
CR,67,32,1.929101565,0.588314269
CR,68,1,2.690270424,0.547408247
CR,68,2,2.669265509,0.546099969
CR,68,4,2.631943941,0.54322186
CR,68,8,2.594909981,0.536790344
CR,68,16,2.543114074,0.527054227
CR,68,32,2.423960653,0.50992609
CR,69,1,2.219242096,0.469663174
CR,69,2,2.208768129,0.469497982
CR,69,4,2.199294329,0.469016062
CR,69,8,2.181318015,0.467414975
CR,69,16,2.135384735,0.463970653
CR,69,32,2.074005738,0.455755614
CR,70,1,2.216450691,0.432514661
CR,70,2,2.155761957,0.432103592
CR,70,4,2.035364568,0.431133761
CR,70,8,1.844069257,0.429035286
CR,70,16,1.53310661,0.424711527
CR,70,32,1.234457826,0.417646651
CR,71,1,2.270252228,0.704970295
CR,71,2,2.248655796,0.704292946
CR,71,4,2.238686681,0.703409827
CR,71,8,2.195506856,0.702000508
CR,71,16,2.095359042,0.699387014
CR,71,32,2.060790848,0.694382906
CR,72,1,2.711640358,0.652575215
CR,72,2,2.704711437,0.650342556
CR,72,4,2.681819022,0.647786695
CR,72,8,2.614372253,0.644841753
CR,72,16,2.451658871,0.638370602
CR,72,32,2.351983313,0.623904934
CR,73,1,2.544510841,0.276809846
CR,73,2,2.495554924,0.276030558
CR,73,4,2.45384568,0.274822191
CR,73,8,2.339506716,0.272593387
CR,73,16,2.077202279,0.268410175
CR,73,32,1.758602507,0.25983599
CR,74,1,1.874814034,0.235429325
CR,74,2,1.756863594,0.234987458
CR,74,4,1.684479237,0.234203407
CR,74,8,1.487471491,0.232753365
CR,74,16,1.338003945,0.22992787
CR,74,32,1.258471961,0.224533681
CR,75,1,1.404519081,0.279196952
CR,75,2,1.395374775,0.278142056
CR,75,4,1.363813102,0.276493148
CR,75,8,1.333282888,0.273320979
CR,75,16,1.18136318,0.267142032
CR,75,32,1.034513233,0.251681183
CR,76,1,2.129292488,0.603123574
CR,76,2,2.127696991,0.603009924
CR,76,4,2.123410761,0.602676982
CR,76,8,2.113268822,0.601841667
CR,76,16,2.080901399,0.599998084
CR,76,32,2.039571256,0.595590833
CR,77,1,1.682811737,0.368163588
CR,77,2,1.6795187,0.368033601
CR,77,4,1.673068345,0.367657037
CR,77,8,1.665110141,0.36650487
CR,77,16,1.638718735,0.363557795
CR,77,32,1.578893552,0.356531657
CR,78,1,1.144955635,0.143354297
CR,78,2,1.133251905,0.143268934
CR,78,4,1.10256505,0.14300107
CR,78,8,1.013099045,0.142230907
CR,78,16,0.891230918,0.140406876
CR,78,32,0.663239117,0.136811544
CR,79,1,1.743309021,0.347812829
CR,79,2,1.728672504,0.347755772
CR,79,4,1.707565248,0.347567731
CR,79,8,1.686883241,0.346984525
CR,79,16,1.627460781,0.345317572
CR,79,32,1.429354426,0.341414336
CR,80,1,1.504091263,0.374054997
CR,80,2,1.500659466,0.373884785
CR,80,4,1.494112313,0.373530805
CR,80,8,1.478615865,0.372500621
CR,80,16,1.447601747,0.370553904
CR,80,32,1.415274591,0.364976353
CR,81,1,2.597961426,0.512969858
CR,81,2,2.587582588,0.512321188
CR,81,4,2.495820522,0.51115517
CR,81,8,2.438907936,0.509112377
CR,81,16,2.268995328,0.504976615
CR,81,32,2.183441806,0.497007869
CR,82,1,2.421360016,0.405321265
CR,82,2,2.407734871,0.40408112
CR,82,4,2.355741143,0.402098702
CR,82,8,2.211991951,0.398677369
CR,82,16,2.154698975,0.393178835
CR,82,32,2.058508913,0.378169677
CR,83,1,4.705024242,0.728272719
CR,83,2,3.882318735,0.726360307
CR,83,4,3.409677923,0.723694905
CR,83,8,3.280326575,0.719747897
CR,83,16,3.164830562,0.714050225
CR,83,32,3.030450709,0.703155469
CR,84,1,2.848414898,0.612759196
CR,84,2,2.809972525,0.612556788
CR,84,4,2.802651197,0.612203615
CR,84,8,2.78430941,0.611488495
CR,84,16,2.74946706,0.610102692
CR,84,32,2.589140485,0.607878136
CR,85,1,3.588540077,0.86150064
CR,85,2,3.574686527,0.861128485
CR,85,4,3.533981144,0.860523392
CR,85,8,3.379822396,0.859466531
CR,85,16,3.285949942,0.857619626
CR,85,32,3.020832656,0.855131069
CR,86,1,3.551327705,0.805948326
CR,86,2,3.542738318,0.805423183
CR,86,4,3.532295972,0.804544622
CR,86,8,3.387538694,0.803097583
CR,86,16,3.29445871,0.800647535
CR,86,32,3.245502722,0.79678437
CR,87,1,2.396616936,0.53038865
CR,87,2,2.364623547,0.529090337
CR,87,4,2.359067619,0.527244604
CR,87,8,2.320240423,0.524258613
CR,87,16,2.195669852,0.519299254
CR,87,32,2.025350179,0.511082498
CR,88,1,1.835591316,0.37889546
CR,88,2,1.80996418,0.37797726
CR,88,4,1.753072023,0.376587776
CR,88,8,1.659073398,0.374367323
CR,88,16,1.536491197,0.37044125
CR,88,32,1.42497017,0.363292816
CR,89,1,1.638442039,0.280451104
CR,89,2,1.554212332,0.279539779
CR,89,4,1.392216444,0.277967059
CR,89,8,1.253118485,0.275287545
CR,89,16,1.122013323,0.270212659
CR,89,32,1.012695928,0.26304744
CR,90,1,1.848779678,0.405473139
CR,90,2,1.822304726,0.404673757
CR,90,4,1.774903893,0.403571241
CR,90,8,1.724269137,0.40208474
CR,90,16,1.638880417,0.398946659
CR,90,32,1.484062659,0.393929289
CR,91,1,2.283024311,0.468931652
CR,91,2,2.197195649,0.468414836
CR,91,4,2.159949094,0.467593814
CR,91,8,2.094990753,0.466105905
CR,91,16,2.018767092,0.463132198
CR,91,32,1.926366847,0.457728693
CR,92,1,2.642847061,0.477291659
CR,92,2,2.625674963,0.476656812
CR,92,4,2.606773049,0.475613294
CR,92,8,2.561041147,0.473835529
CR,92,16,2.484517157,0.471104775
CR,92,32,2.310359488,0.466345784
CR,93,1,4.845121861,1.308647374
CR,93,2,4.834311962,1.306540046
CR,93,4,4.815388948,1.303640198
CR,93,8,4.725361481,1.29993622
CR,93,16,4.612091808,1.294893861
CR,93,32,4.446453445,1.289182192
CR,94,1,3.803164005,0.738096585
CR,94,2,3.682398677,0.737023219
CR,94,4,3.587464869,0.735385782
CR,94,8,3.563260876,0.73259736
CR,94,16,3.513382489,0.727063056
CR,94,32,3.423434352,0.716426519
CR,95,1,2.536513329,0.448716695
CR,95,2,2.410305381,0.44641899
CR,95,4,2.22251901,0.443150284
CR,95,8,2.102198452,0.438039632
CR,95,16,2.010847975,0.429983262
CR,95,32,1.903017144,0.415081755
CR,96,1,3.213570118,0.737254941
CR,96,2,3.138777018,0.735019892
CR,96,4,3.027299345,0.731724473
CR,96,8,2.967258781,0.726598739
CR,96,16,2.831532115,0.717887135
CR,96,32,2.644191644,0.704054862
CR,97,1,2.20425415,0.453458133
CR,97,2,2.179830313,0.450664552
CR,97,4,2.137334704,0.447249269
CR,97,8,1.871719465,0.442707555
CR,97,16,1.73581605,0.43612908
CR,97,32,1.60201074,0.425918205
CR,98,1,1.757832527,0.270240223
CR,98,2,1.74600935,0.26940845
CR,98,4,1.702125549,0.268022735
CR,98,8,1.496554032,0.265127402
CR,98,16,1.475875419,0.260189978
CR,98,32,1.415368608,0.25106542
CR,99,1,1.845334053,0.320181541
CR,99,2,1.776092529,0.318809655
CR,99,4,1.726021349,0.316751537
CR,99,8,1.692665502,0.313532583
CR,99,16,1.620010838,0.306373847
CR,99,32,1.460008594,0.294589056
CR,100,1,2.143701553,0.462897313
CR,100,2,2.105485201,0.460610678
CR,100,4,1.967356265,0.457406784
CR,100,8,1.891811401,0.452598284
CR,100,16,1.804160405,0.445158343
CR,100,32,1.648579733,0.432539564
